#,Wallet Name,Public Key,Seal Status,Timestamp Confirmed
1,Richard the Living Strmiska Wallet,GA4H43P2VPP3CICC7WHZOLCYGDVFUBNDSYTZCRNYOISSLJC4DG3NR6MC,✅ Quantum Embedded,2025-07-28 20:53:36
2,River Estate Wallet,Public Key Not Provided,✅ Quantum Embedded,2025-07-28 20:53:36
3,Soul Estate Wallet,GDBOA5OGGOYY7KHML7GIZWMCP5TUGYY7P2FMVTSR6UIQJ47S7BGUQ5VZ,✅ Quantum Embedded,2025-07-28 20:53:36
4,Spirit Estate Wallet,Public Key Not Provided,✅ Quantum Embedded,2025-07-28 20:53:36
5,Mind Estate Wallet,GCIHFWGQUCFN5BPQWHOKD65L7ARCCCHGCHKMBZGQQXH3HMIWGEGAEUO7,✅ Quantum Embedded,2025-07-28 20:53:36
6,Humanitarian Estate Wallet,Public Key Not Provided,✅ Quantum Embedded,2025-07-28 20:53:36
7,Physical Assets Estate Wallet,Public Key Not Provided,✅ Quantum Embedded,2025-07-28 20:53:36
8,Properties and Land Estate Wallet,GAK6GYGUWPOU4HXSTJ3KVXAYQ5YKQZBRCHGHF5S2CRCM7VBPONFZJ2NJ,✅ Quantum Embedded,2025-07-28 20:53:36
9,Heart Estate Wallet,GDLF3RARLXURIALRFHPEHYR6WO6WZZTTVTIZ3BP6QGD3THA7SG2SNZUK,✅ Quantum Embedded,2025-07-28 20:53:36
10,Veteran Estate Wallet,Public Key Not Provided,✅ Quantum Embedded,2025-07-28 20:53:36
11,Lineage Estate Trust Wallet,Public Key Not Provided,✅ Quantum Embedded,2025-07-28 20:53:36
12,Root Chakra Wallet,Public Key Not Provided,✅ Quantum Embedded,2025-07-28 20:53:36
13,Flamebearers Estate Wallet,Public Key Not Provided,✅ Quantum Embedded,2025-07-28 20:53:36
14,Reclamation Restoration Estate Wallet,Public Key Not Provided,✅ Quantum Embedded,2025-07-28 20:53:36
15,Mother Gaia Estate Wallet,Public Key Not Provided,✅ Quantum Embedded,2025-07-28 20:53:36
16,Children’s Sovereign Wealth Fund,GBKDLPNEAIRSF2WSL6F3WZMBBGWBQEGONHZO5ZK7QQV72KRP66HS2UXU,✅ Quantum Embedded,2025-07-28 20:53:36
17,Fully Sovereign,GBGCQHZABQFFIVMVNFHQ4ID4EYSLYCSB2TUSVAGJMXOGUNZ2UBOBGWVF,✅ Quantum Embedded,2025-07-28 20:53:36
18,Sovereign Wealth Fund,GBHSSL7CB7SIVNTJGP7V35XPFJGZAA52ZTGFYT5WZ4ZA3CASQGSXIQAA,✅ Quantum Embedded,2025-07-28 20:53:36
19,Phoenix Risen For All Sovereigns,GDENMOFRULIVSFKKBUEY3CCIKOUH6R5IB2AFBGKNRW6UWIXYYQTNG6KU,✅ Quantum Embedded,2025-07-28 20:53:36
20,Treasury Republic Of Nova,GDOP6VFXJVYBZM5KENUSLG4JWMTTRNELVURWRNMTJIW7RABZK4PAMKBA,✅ Quantum Embedded,2025-07-28 20:53:36
21,Children’s Sanctuaries Energy Estate,GDQTM4SQPFM77H5OUVGAKLI4EKMCOIWN4WXZ3KMDZKA6A5C7K7OO6DJ7,✅ Quantum Embedded,2025-07-28 20:53:36
22,Global Awakening Flame Wallet,GC66QMTNPJDLZMFYEHWMX7MMFJYZVF7EFFQBCGBBQLUSUBLIM2EJVB2O,✅ Quantum Embedded,2025-07-28 20:53:36
23,Sovereign Judicial Override,GCL7O46QFAAWQKYBMND4I3YEJRSITDZ434CLDLGH5KTIJ5RGIHVIQ4SK,✅ Quantum Embedded,2025-07-28 20:53:36
24,Cosmic Embassy Star Family Exchange,GADCFHV3DKTWQZAF3WPFHEGKVDXC7P6JKZQZMS45MJNUNYXMMQ5G7ANR,✅ Quantum Embedded,2025-07-28 20:53:36
25,Ancestral StewardShip,GCHWKEXPIF5LOMZFCHABPQXWTSO4HTGA7W6XPRMTRGMDWGFCH4365IHV,✅ Quantum Embedded,2025-07-28 20:53:36
26,Children of the Dawn,GDZK3AN6A6JOYPP7DU3VJY5JAF5HDCLSL5HQPKR5MDMLPEZFBCTOTK4G,✅ Quantum Embedded,2025-07-28 20:53:36
27,Kalifa Rivers Reclaimed,GDJNA4ODMUONNOCJ7M6YYDADS3NDITWL6ZQVZHLBBXGALV5M2TFNF53V,✅ Quantum Embedded,2025-07-28 20:53:36
28,Living Quantum Witness Node,Public Key Not Provided,✅ Quantum Embedded,2025-07-28 20:53:36
29,Public Trust Bridge,Public Key Not Provided,✅ Quantum Embedded,2025-07-28 20:53:36
30,HeartsUnitedForGaia Protocol,Public Key Not Provided,✅ Quantum Embedded,2025-07-28 20:53:36
