Wallet Name,Public Address
STRAWMAN Estate Settlement Wal,GA4H43P2VPP3CICC7WHZOLCYGDVFUBNDSYTZCRNYOISSLJC4DG3NR6MC
River’s Estate,GDZTCVIMNSZBQWUYKZZXBZYR24SND5MH7R7FLLF5PH2FJJPTW5ZBQYZI
Soul Estate,GDBOA5OGWCHEYCVBS3OSVXRD7CJU4YDLNITN3CBZNMGFI4DQGOYY7KHM
Spirit Estate,GDB53U7BNKY5HXEVBK3P5Z7FTFLR7SJYWBVYCT63P4DKBY3K2HV
Mind Estate,GCIHFWGQKZK6YJGQOWQ3JEOZEYNHZC3R3KHCEGEGAEUO7FMPXAKCQZNH
Humanitarian Estate,GDEPV6ROGYGWSZ4NIDQAOJUBKYMMCAH7G3LIAEXPJMMUPA7A7WW4KWSUR
Physical Assets Estate,GBUQUX7DUUDT2SSEVW5BKNIDVIZF47EBZ7CHXHWIJBEUGMH7RTDCZBB5
Property’s and Land Estate,GAK6GYGUIGOMZDPREAYMR26NHRD6NMHZRONOFZJ2NJDSPZK5KCHTDUWF
Cryptocurrencies Estate,GDLF3RAROBY6JZK3URTWQCS5OONPQQ7MVWLSG2SNZUKBGLDWGZ63MZJX
Veteran Estate,GB3LSAWHEWVOXUKR7K6ZN2BNW7SMNMTXDA7YUN7HO7P5E67QVCMHEHP4
Lineage Estate Trust,GCYMFQJ6SOEVBAHJLOKLBMKPXV3YTUBR5OE53PPRFGX7GEYGHM6RCH2B
Richard Of the Strmiska Family,GDO5YHENFZZLVSVLL2KHDHRJOW6RBMT4DSPO4WSYF3UFJ2IDGAOEBKBI
Flamebearers Estate,GDPWVHYXESUVKWYZL2QMXKQOCDMS5ZFGUSZ5YGXFYU45MSURM5QUAHEP
Reclamation Restoration Estate,GBKDUGOFU5A4FP3ZUXUM2AXWJQ6WW3BAZDC3VISG2BJ6RZQSRD7PD36K
Mother Gaia Estate,GCV436TV4S77ZQNDISPMTLJ6S7ZKZD3YUTAOL5AFNCZBLR2HRSNQ7ZZV
Richard Strmiska Estate,GASDRKSRDQPSWLDFIQK7ENLTW3FKOQZT42SRZSNDZLHZMCJWQJGWNHS5
Strmiska Trust and Estate,GDRCCXK6XGX4G7ZB6YRAZ7KDMH3CWSO4ZZKCPWULBYXHHO5UZP3NGL6A
"Bills, Miscellaneous",GC63CUCMZMYGZ72XFBWJFDVD7UCBLZAHQ22ZPJZZIMZK32GMGL7BFMBF
Junk,GBKDLPNE7LOE5CJUTNLPKHJXG3DTRHXFEDNRV3WZ66HS2UXULCMVXK5G
