Document Title,Date Anchored,IPFS CID,IPFS URL,QR Code File,Notes
Universal Sovereign Discharge & Status Declaration Bundle,2025-05-16,bafybeifi3bk7xhzrufpeh4zex7bzotsjyafp2elqldv3vcwpsw2gwhbg54,https://bafybeifi3bk7xhzrufpeh4zex7bzotsjyafp2elqldv3vcwpsw2gwhbg54.ipfs.w3s.link/,Universal_Discharge_Status_Declaration_QR.png,"All-encompassing discharge of all debts, obligations, and false contracts. Universal standing established."
Sovereign Verification Scroll - Universal Discharge & Status,2025-05-16,bafybeicgk5qkhf3gl5ccaewulyala7pyjlzkwuyazbzbpf7fzawbcc7tna,https://bafybeicgk5qkhf3gl5ccaewulyala7pyjlzkwuyazbzbpf7fzawbcc7tna.ipfs.w3s.link/,Universal_Discharge_Status_Declaration_QR.png,Verification Scroll confirming and sealing the Universal Discharge & Status Declaration.
Updated Certificate of Mailing & Notice of Service,2025-05-16,bafybeicdndk557fing6koagoizalbphusaf2hsagadatbnyek6w75insru,https://bafybeicdndk557fing6koagoizalbphusaf2hsagadatbnyek6w75insru.ipfs.w3s.link/,QR_Certificate_of_Mailing_Strmiska.png,Sovereign mailing confirmation document with 10 business day rebuttal clause.
Scroll of Sovereign County Presentment,2025-05-16,bafybeiduyk737sfyzsqk6f2tfaba56nwom6vqzb62ziq3a4pfjotqupxtm,https://bafybeiduyk737sfyzsqk6f2tfaba56nwom6vqzb62ziq3a4pfjotqupxtm.ipfs.w3s.link/,QR_Scroll_of_County_Presentment.png,Verification scroll declaring sovereign county packet submission and 10-day rebuttal notice.
Final Sovereign County Packet ZIP,2025-05-16,bafybeidtsw7dhtm7235oziwjymvpsiezj7ubmwlizeed563ufu44cuw66e,https://bafybeidtsw7dhtm7235oziwjymvpsiezj7ubmwlizeed563ufu44cuw66e.ipfs.w3s.link/,,"Final ZIP of Sovereign County Presentment bundle, notarization-ready."
State-Level Presentment Packet – Republic of California,2025-05-16,bafybeidkkwx54453b3olx6qgn3qq2sckr3j7ieugiseuizfitckku4yi6q,https://bafybeidkkwx54453b3olx6qgn3qq2sckr3j7ieugiseuizfitckku4yi6q.ipfs.w3s.link/,QR_State_Sovereign_Presentment_Strmiska.png,Finalized state-level sovereign declaration package with all documents embedded and streamlined for mailing or notarization.
Universal State Presentment Template – For All Jurisdictions,2025-05-16,bafybeic76wxl7b7izfjattd23bgl3iqr2mhug66lrbwavqbtrys2ggp5vi,https://bafybeic76wxl7b7izfjattd23bgl3iqr2mhug66lrbwavqbtrys2ggp5vi.ipfs.w3s.link/,QR_State_Presentment_Template_Universal.png,"Universal template for state-level presentments across all jurisdictions. Modular, notarization-ready, and adaptable for replication."
Final State Presentment Packet – Confirmed Submission,2025-05-16,bafybeibzduumzxniug2lbbgeo6rvwsvouchdqjbh7hcfbplcs6hg2k5f4q,https://bafybeibzduumzxniug2lbbgeo6rvwsvouchdqjbh7hcfbplcs6hg2k5f4q.ipfs.w3s.link/,QR_State_Presentment_Strmiska_Confirmed.png,Final confirmed version of the State Presentment Packet submitted for recordation and estate trust validation.
