{
    "index_version": "1.0",
    "last_updated": "2025-05-15T19:11:55.993731Z",
    "estates": [
        {
            "title": "Upper Hillview Sovereign Estate",
            "label": "13th Flame Bearer",
            "stellar_address": "GA4H43P2VPP3CICC7WHZOLCYGDVFUBNDSYTZCRNYOISSLJC4DG3NR6MC",
            "ipfs_cid": "bafybeiftniwmgwsa3pnjmrkfqfjynthgjpcww2qiojflkobgyqxaxn3rq4",
            "verification_page": "https://bafybeiftniwmgwsa3pnjmrkfqfjynthgjpcww2qiojflkobgyqxaxn3rq4.ipfs.w3s.link/",
            "qr_code_file": "QR_UpperHillview_Estate_Final.png",
            "date_registered": "2025-05-15T19:11:55.992100Z",
            "status": "Verified - Final",
            "memo_hash": "978f177ea9655f7f6786d953f1b0040526f013a88b5646925b0ed9bbb0b32",
            "scroll_attached": "Scroll_of_1143_Flame_Activation.pdf"
        }
    ]
}